{
  "tests": [
    [
      {
        "id": 0,
        "name": "Filter",
        "status": "5",
        "log": "2 4 6 8 10 \n",
        "time_normal": 0.004303,
        "time_valgrind": 1.0477583,
        "timeout": 30000,
        "test_score": 5
      },
      {
        "id": 1,
        "name": "Map",
        "status": "5",
        "log": "19 21 18 26 22 \n",
        "time_normal": 0.0053241,
        "time_valgrind": 2.1938487,
        "timeout": 30000,
        "test_score": 5
      },
      {
        "id": 2,
        "name": "For Each",
        "status": "5",
        "log": "2 3 4 5 6 7 8 9 10 11 \n",
        "time_normal": 0.000797,
        "time_valgrind": 2.3901779,
        "timeout": 30000,
        "test_score": 5
      },
      {
        "id": 3,
        "name": "Reduce",
        "status": "5",
        "log": "55 \n",
        "time_normal": 0.0008496,
        "time_valgrind": 1.3032943000000001,
        "timeout": 30000,
        "test_score": 5
      },
      {
        "id": 4,
        "name": "Map Multi",
        "status": "10",
        "log": "Jimmut 19 7.9\nAlinafe 21 9.3\nPhaida 18 8.5\nKatarine 26 10.0\nElen 22 5.7\n",
        "time_normal": 0.0008925,
        "time_valgrind": 1.9423392000000002,
        "timeout": 30000,
        "test_score": 10
      },
      {
        "id": 5,
        "name": "For Each Multi",
        "status": "10",
        "log": "1 11 21\n2 12 22\n3 13 23\n4 14 24\n5 15 25\n6 16 26\n7 17 27\n8 18 28\n",
        "time_normal": 0.000979,
        "time_valgrind": 1.8827274,
        "timeout": 30000,
        "test_score": 10
      },
      {
        "id": 6,
        "name": "Reduce Multi",
        "status": "10",
        "log": "-111 \n",
        "time_normal": 0.0008557,
        "time_valgrind": 1.2970557,
        "timeout": 30000,
        "test_score": 10
      },
      {
        "id": 7,
        "name": "Reverse",
        "status": "CRASHED",
        "log": "6 (SIGABRT) (core dumped)",
        "time_normal": 0.0014939,
        "time_valgrind": 1.8789156999999999,
        "timeout": 30000,
        "test_score": 7
      },
      {
        "id": 8,
        "name": "Number Array",
        "status": "7",
        "log": "1.0\n2.9\n3.8\n4.7\n5.6\n6.5\n7.4\n8.3\n9.2\n10.1\n",
        "time_normal": 0.0008894,
        "time_valgrind": 2.3209112,
        "timeout": 30000,
        "test_score": 7
      },
      {
        "id": 9,
        "name": "Passing Name",
        "status": "8",
        "log": "Jimmut Alinafe Phaida Katarine Elen \n",
        "time_normal": 0.0007666,
        "time_valgrind": 1.2904783,
        "timeout": 30000,
        "test_score": 8
      },
      {
        "id": 10,
        "name": "Check Sum",
        "status": "0",
        "log": "32767 32767 32767 32767 32767 false false false false false \n",
        "time_normal": 0.0009435,
        "time_valgrind": 1.9294093,
        "timeout": 30000,
        "test_score": 9
      },
      {
        "id": 11,
        "name": "Even Index",
        "status": "0",
        "log": "",
        "time_normal": 0.0007734,
        "time_valgrind": 1.0234695,
        "timeout": 30000,
        "test_score": 9
      },
      {
        "id": 12,
        "name": "Square Matrix",
        "status": "0",
        "log": "",
        "time_normal": 0.0057587,
        "time_valgrind": 1.3610448,
        "timeout": 30000,
        "test_score": 10
      }
    ]
  ],
  "test_path": "checker/",
  "exec_name": [
    "functional"
  ],
  "valgrind_enabled": false
}