{
  "tests": [
    [
      {
        "id": 0,
        "name": "Filter",
        "status": "5",
        "log": "2 4 6 8 10 \n",
        "time_normal": 0.0008296,
        "time_valgrind": 0.8681751,
        "timeout": 30000,
        "test_score": 5
      },
      {
        "id": 1,
        "name": "Map",
        "status": "5",
        "log": "19 21 18 26 22 \n",
        "time_normal": 0.0007805,
        "time_valgrind": 0.8931498,
        "timeout": 30000,
        "test_score": 5
      },
      {
        "id": 2,
        "name": "For Each",
        "status": "5",
        "log": "2 3 4 5 6 7 8 9 10 11 \n",
        "time_normal": 0.000841,
        "time_valgrind": 0.8724431,
        "timeout": 30000,
        "test_score": 5
      },
      {
        "id": 3,
        "name": "Reduce",
        "status": "5",
        "log": "55 \n",
        "time_normal": 0.0007732,
        "time_valgrind": 0.8711664,
        "timeout": 30000,
        "test_score": 5
      },
      {
        "id": 4,
        "name": "Map Multi",
        "status": "10",
        "log": "Jimmut 19 7.9\nAlinafe 21 9.3\nPhaida 18 8.5\nKatarine 26 10.0\nElen 22 5.7\n",
        "time_normal": 0.0007617,
        "time_valgrind": 0.8999878,
        "timeout": 30000,
        "test_score": 10
      },
      {
        "id": 5,
        "name": "For Each Multi",
        "status": "10",
        "log": "1 11 21\n2 12 22\n3 13 23\n4 14 24\n5 15 25\n6 16 26\n7 17 27\n8 18 28\n",
        "time_normal": 0.000778,
        "time_valgrind": 0.8791185,
        "timeout": 30000,
        "test_score": 10
      },
      {
        "id": 6,
        "name": "Reduce Multi",
        "status": "10",
        "log": "-111 \n",
        "time_normal": 0.0007728,
        "time_valgrind": 0.8764269,
        "timeout": 30000,
        "test_score": 10
      },
      {
        "id": 7,
        "name": "Reverse",
        "status": "MEMLEAKS",
        "log": "5 6 7 8 9 10 0 0 0 0 \nCheck output folder for valgrind errors",
        "time_normal": 0.001141,
        "time_valgrind": 0.9000312,
        "timeout": 30000,
        "test_score": 7
      },
      {
        "id": 8,
        "name": "Number Array",
        "status": "CRASHED",
        "log": "11 (SIGSEGV) (core dumped)",
        "time_normal": 0.0008217,
        "time_valgrind": 0.8572221,
        "timeout": 30000,
        "test_score": 7
      },
      {
        "id": 9,
        "name": "Passing Name",
        "status": "8",
        "log": "Jimmut Alinafe Phaida Katarine Elen \n",
        "time_normal": 0.0007436,
        "time_valgrind": 0.880234,
        "timeout": 30000,
        "test_score": 8
      },
      {
        "id": 10,
        "name": "Check Sum",
        "status": "9",
        "log": "true false false true false \n",
        "time_normal": 0.0007987,
        "time_valgrind": 0.8767643,
        "timeout": 30000,
        "test_score": 9
      },
      {
        "id": 11,
        "name": "Even Index",
        "status": "MEMLEAKS",
        "log": "Check output folder for valgrind errors",
        "time_normal": 0.0007589,
        "time_valgrind": 0.838086,
        "timeout": 30000,
        "test_score": 9
      },
      {
        "id": 12,
        "name": "Square Matrix",
        "status": "0",
        "log": "",
        "time_normal": 0.0008494,
        "time_valgrind": 0.8513662,
        "timeout": 30000,
        "test_score": 10
      }
    ]
  ],
  "test_path": "checker/",
  "exec_name": [
    "functional"
  ],
  "valgrind_enabled": true
}